[
    {
        "msg": 1,
        "page": 1,
        "data": [
            {
                "time": "11:09:55:23",
                "lineIndex": 1,
                "lines": [
                    "PROCEEDINGS"
                ]
            },
            {
                "time": "11:52:00:21",
                "lineIndex": 2,
                "lines": [
                    "Attorney-General Adam lal live?"
                ]
            },
            {
                "time": "11:52:02:27",
                "lineIndex": 3,
                "lines": [
                    "e:  Good morning Mr Branny and Mr Lal already Ms Main"
                ]
            },
            {
                "time": "11:52:06:03",
                "lineIndex": 4,
                "lines": [
                    "contract lack Alok lan."
                ]
            },
            {
                "time": "11:52:10:21",
                "lineIndex": 5,
                "lines": [
                    "RMAN:Good morning your Honour, I will bill little also"
                ]
            },
            {
                "time": "11:52:12:29",
                "lineIndex": 6,
                "lines": [
                    "on behalf of misread.  Good morning Ms Little.  David"
                ]
            },
            {
                "time": "11:52:16:15",
                "lineIndex": 7,
                "lines": [
                    "yetty for Karen read, good morning misread."
                ]
            },
            {
                "time": "11:52:20:26",
                "lineIndex": 8,
                "lines": [
                    "All right, so we have a series of motions here,"
                ]
            },
            {
                "time": "11:52:23:17",
                "lineIndex": 9,
                "lines": [
                    "I expect we may be here a while this morning.  It makes"
                ]
            },
            {
                "time": "11:52:27:04",
                "lineIndex": 10,
                "lines": [
                    "sense to me to this start with the rule 17 motions."
                ]
            },
            {
                "time": "11:52:31:14",
                "lineIndex": 11,
                "lines": [
                    "Thi si my new line at  fdf d f fd fd fd fd fd fd df"
                ]
            },
            {
                "time": "11:52:31:14",
                "lineIndex": 12,
                "lines": [
                    "so the first rule 17 motion I have is the Commonwealth's"
                ]
            },
            {
                "time": "11:52:36:18",
                "lineIndex": 13,
                "lines": [
                    "motion for records from Verizon, but I do have"
                ]
            },
            {
                "time": "11:52:39:08",
                "lineIndex": 14,
                "lines": [
                    "a question for you, Mr Bren.  Have the third party"
                ]
            },
            {
                "time": "11:52:43:18",
                "lineIndex": 15,
                "lines": [
                    "record holders been served in all of these Commonwealth"
                ]
            },
            {
                "time": "11:52:47:21",
                "lineIndex": 16,
                "lines": [
                    "motions pursuant to rule 17?"
                ]
            },
            {
                "time": "11:52:50:13",
                "lineIndex": 17,
                "lines": [
                    "Thank you, your Honour.  I understand the court may have"
                ]
            },
            {
                "time": "11:52:53:06",
                "lineIndex": 18,
                "lines": [
                    "a reference this I move to the podium."
                ]
            },
            {
                "time": "11:52:55:27",
                "lineIndex": 19,
                "lines": [
                    "RMAN:It's wherever you've comfortable, as long as we"
                ]
            },
            {
                "time": "11:52:58:00",
                "lineIndex": 20,
                "lines": [
                    "can hear you."
                ]
            },
            {
                "time": "11:52:59:04",
                "lineIndex": 21,
                "lines": [
                    "I feel a series of rule 17 motions as I'm sure"
                ]
            },
            {
                "time": "11:53:01:29",
                "lineIndex": 22,
                "lines": [
                    "you're aware third party holders, I did not want to be"
                ]
            },
            {
                "time": "11:53:06:10",
                "lineIndex": 23,
                "lines": [
                    "presumptuous seeing as I have not met the court and"
                ]
            },
            {
                "time": "11:53:09:10",
                "lineIndex": 24,
                "lines": [
                    "didn't know what the schedule would be for the rule 17s."
                ]
            },
            {
                "time": "11:53:12:03",
                "lineIndex": 25,
                "lines": [
                    "If I file these just to give even as much notice as"
                ]
            }
        ]
    },
    {
        "msg": 2,
        "page": 2,
        "data": [
            {
                "time": "11:53:15:05",
                "lineIndex": 26,
                "lines": [
                    "possible and my intention was to ask the court if we"
                ]
            },
            {
                "time": "11:53:20:15",
                "lineIndex": 27,
                "lines": [
                    "heard and hear the defendant's objections fdfdffdfd df"
                ]
            },
            {
                "time": "11:53:22:07",
                "lineIndex": 28,
                "lines": [
                    "fd fd f fd  dfd f df d    df fd d fdfd"
                ]
            },
            {
                "time": "11:53:22:08",
                "lineIndex": 29,
                "lines": [
                    "df df d f d ffd df dfd"
                ]
            },
            {
                "time": "11:53:22:09",
                "lineIndex": 30,
                "lines": [
                    "f d fd f d fd"
                ]
            }
        ]
    }
]